x,y,z,x_quat,y_quat,z_quat,w_quat,speed
89627.638759,43132.647327,0.0,0.0,0.0,0.8993163003890464,0.43729874440084837,5.354779
89625.79831,43134.991446,0.0,0.0,0.0,0.884378640802434,0.4667702000904078,5.148059
89624.116602,43137.452094,0.0,0.0,0.0,0.8828108001465772,0.46972874208904875,6.649209
89622.45123,43139.924215,0.0,0.0,0.0,0.8832206782164331,0.46895760316994956,7.618332
89620.781468,43142.393534,0.0,0.0,0.0,0.8858859723634132,0.4639030544949343,8.29284
89619.083777,43144.843347,0.0,0.0,0.0,0.8822525177995867,0.4707764807594894,8.33
89617.423903,43147.319977,0.0,0.0,0.0,0.8807825723810042,0.4735209184290605,8.33
89615.781101,43149.804446,0.0,0.0,0.0,0.8799118823653217,0.4751369058201187,8.33
89614.149438,43152.29187,0.0,0.0,0.0,0.8381655859163983,0.5454158510580901,7.682825
89613.0303419521,43154.8179883948,0.0,0.0,0.0,0.7496781758156547,0.6618025632359793,4.130085
89612.67956492517,43157.62420461018,0.0,0.0,0.0,0.6632000574793437,0.748442171286062,3.362759
89612.91341627645,43159.553478258254,0.0,0.0,0.0,0.5591112700105138,0.8290926291719342,3.433188
89614.02421019503,43162.30123163581,0.0,0.0,0.0,0.38268343236287855,0.9238795325122027,3.366983
89615.54424397837,43163.82126541913,0.0,0.0,0.0,0.26693358190051497,0.9637149282094581,3.028045
89616.42118654566,43164.34743095952,0.0,0.0,0.0,0.19294175778304445,0.9812102109658201,2.925172
89617.70736897772,43164.8735964999,0.0,0.0,0.0,-0.015146300779648033,0.9998852882069484,0.0
89619.63664262579,43164.81513366208,0.0,0.0,0.0,-0.03938179367760873,0.999224236258676,0.0
89621.85823046295,43164.63974514862,0.0,0.0,0.0,-0.11081290072032106,0.9938412856356634,4.41079
89623.67057843538,43164.23050528388,0.0,0.0,0.0,-0.2947648700189931,0.9555698150332534,3.919189
89624.95676086743,43163.35356271657,0.0,0.0,0.0,-0.3310069414326361,0.9436283191614225,4.289671
89626.12601762384,43162.41815731145,0.0,0.0,0.0,-0.4380021337527692,0.8989739322294175,0.0
89627.1783487046,43161.07351204158,0.0,0.0,0.0,-0.4885887545112706,0.8725141998644638,0.0
89628.2891426232,43159.26116406915,0.0,0.0,0.0,-0.586151498342927,0.8102014693829811,4.362044
89629.220708,43156.43299,0.0,0.0,0.0,-0.5972972472105024,0.8020199489256835,4.193658
89630.070892,43153.5896,0.0,0.0,0.0,-0.6150289834931013,0.788504501866313,6.590195
89630.800681,43150.682459,0.0,0.0,0.0,-0.6149501192675592,0.7885660091665218,6.877907
89631.529085,43147.783291,0.0,0.0,0.0,-0.6162843416386651,0.78752372043704,6.268174
89632.241778,43144.905456,0.0,0.0,0.0,-0.47763961767655216,0.8785558579998184,5.792118
89633.86264553735,43142.403548202485,0.0,0.0,0.0,-0.5312433867340747,0.8472192538247171,5.141279
89635.16006970589,43139.722204920814,0.0,0.0,0.0,-0.4889077640515092,0.8723354849197377,4.233904
89636.613113,43137.347554,0.0,0.0,0.0,-0.20601412722724188,0.9785490173633602,3.717443
89639.399683,43136.119823,0.0,0.0,0.0,-0.009890273863180556,0.9999510900453639,3.638178
89642.358823,43136.061281,0.0,0.0,0.0,0.2553985528108946,0.9668358595036185,3.569286
89644.889312,43137.498472,0.0,0.0,0.0,0.4754784400106259,0.8797273742956175,2.395166
89646.4748,43139.9196,0.0,0.0,0.0,0.6629155988372971,0.7486941356910629,1.25058
89646.831863,43142.846745,0.0,0.0,0.0,0.7471946160982634,0.6646053006663193,1.883912
89646.484752,43145.803388,0.0,0.0,0.0,0.8031909441986285,0.5957216692024184,1.976958
89645.602521,43148.712297,0.0,0.0,0.0,0.8413806591489765,0.5404429538906339,1.921183
89644.354161,43151.442425,0.0,0.0,0.0,0.8681803167931322,0.4962488665306718,1.872329
89642.853741,43153.990067,0.0,0.0,0.0,0.8931074542133038,0.4498433896687061,1.965784
89641.094288,43156.364993,0.0,0.0,0.0,0.9118755284605762,0.41046683251481475,2.037931
89639.130358,43158.582341,0.0,0.0,0.0,0.919729033552126,0.39255382413278345,3.2265
89637.067763,43160.735225,0.0,0.0,0.0,0.9235126737405082,0.3835679098160556,3.971615
89634.946862,43162.864265,0.0,0.0,0.0,0.9131369684951712,0.40765288759856544,4.646422
89633.01232494663,43165.02147432477,0.0,0.0,0.0,0.8877909153532205,0.4602469887096393,5.966609
89631.35113027768,43167.376899601644,0.0,0.0,0.0,0.9091161504488499,0.41654270488518247,7.240489
89629.01892864141,43170.081930464934,0.0,0.0,0.0,0.9313440407891057,0.36414046422585417,8.126014
89626.77006008259,43172.15780913462,0.0,0.0,0.0,0.9721222569357916,0.2344745563383433,8.06689
89624.9148019878,43173.10806328072,0.0,0.0,0.0,0.9717488293761851,0.2360173989476493,0.0
89621.67445617689,43174.780760023714,0.0,0.0,0.0,0.8372821902027449,0.5467710068843212,0.0
89619.74345591507,43179.177937767556,0.0,0.0,0.0,0.5905051943522169,0.8070338378550496,3.618247
89621.11344346384,43183.492957449926,0.0,0.0,0.0,0.37081030622533423,0.928708628578993,0.0
89623.09348833343,43185.37400007604,0.0,0.0,0.0,0.3051774310076998,0.9522955085494946,3.263962
89624.24851450736,43186.1990187717,0.0,0.0,0.0,0.1508642137249128,0.9885544947129439,0.0
89625.3045384378,43186.52902624997,0.0,0.0,0.0,0.021262164951350745,0.9997739346180123,2.997063
89626.85557358566,43186.59502774562,0.0,0.0,0.0,0.0538189206260928,0.9985507116729938,3.114606
89628.07660125523,43186.72703073693,0.0,0.0,0.0,-0.036202542666895154,0.9993444730944638,1.251462
89629.20708036929,43186.64501697827,0.0,0.0,0.0,-0.11399994070526583,0.9934807564916373,0.0
89630.9241092787,43186.245707929564,0.0,0.0,0.0,-0.21169969595756505,0.9773347628788585,2.201209
89632.24182913941,43185.64674435651,0.0,0.0,0.0,-0.24567054510371147,0.9693533841011983,0.0
89634.15851257318,43184.60854082989,0.0,0.0,0.0,-0.2577735998211804,0.9662053463085525,4.013024
89636.03526510207,43183.5304063984,0.0,0.0,0.0,-0.12533341803579934,0.9921146780102911,5.028845
89638.99015206246,43182.77171920586,0.0,0.0,0.0,-0.012321961617117565,0.9999240817491627,4.532785
89642.220647,43182.692089,0.0,0.0,0.0,0.12880896652355944,0.9916694258386373,3.96537
89644.9398568881,43183.41061368379,0.0,0.0,0.0,0.19927144567711422,0.9799443305299301,2.881797
89647.57529660953,43184.52867902015,0.0,0.0,0.0,0.20759148751998843,0.978215607271341,4.993156
89648.65343104102,43185.007849878595,0.0,0.0,0.0,0.19980661196523783,0.9798353524010924,3.019109
89650.53018356992,43185.80646797599,0.0,0.0,0.0,0.1429777000164966,0.9897259101882666,2.098307
89652.96596876699,43186.525224263656,0.0,0.0,0.0,-0.005882047656520421,0.9999827006080487,3.470401
89656.36009568095,43186.48529335878,0.0,0.0,0.0,-0.15748471506015882,0.9875214248422262,3.180709
89658.5562954488,43185.766537071126,0.0,0.0,0.0,-0.3517266732090958,0.9361027440154537,3.523092
89660.47297888256,43184.08943906658,0.0,0.0,0.0,-0.5144957554265804,0.8574929257131119,3.450301
89661.75076783841,43181.69358477437,0.0,0.0,0.0,-0.7131755805021532,0.7009854430552869,3.212947
89661.71083693355,43179.37759229191,0.0,0.0,0.0,-0.7480458611011566,0.6636470369778119,3.102876
89661.47125150432,43177.3810470484,0.0,0.0,0.0,-0.9175895402851615,0.3975291631556935,3.568437
89660.27332435822,43176.10325809256,0.0,0.0,0.0,-0.9743634962485708,0.22497950390704788,1.4101
89658.63615725854,43175.304639995156,0.0,0.0,0.0,-0.9954914482256189,0.09485133899771778,4.788001
89655.52154667868,43174.705676422105,0.0,0.0,0.0,-0.9999832022478256,0.005796138558067416,6.230452
89652.11307884163,43174.66616252715,0.0,0.0,0.0,-0.977124057370525,0.21267011192869356,5.209121
89648.75725575014,43173.13273923171,0.0,0.0,0.0,-0.9327218431545647,0.36059667677663304,4.107003
89646.87415605139,43171.42083041466,0.0,0.0,0.0,-0.8267909453835149,0.5625093178177883,3.681074
89645.5902244386,43168.16820366225,0.0,0.0,0.0,-0.6807323716505846,0.7325322096583674,3.430114
89645.79894788802,43165.32470851357,0.0,0.0,0.0,-0.4437068325652247,0.896171996178711,3.494353
89647.499386,43163.094078,0.0,0.0,0.0,-0.38243032317490666,0.9239843331552415,3.174775
89649.596736,43160.999025,0.0,0.0,0.0,-0.19078938029859888,0.9816309960291987,3.734724
89652.339881,43159.89085,0.0,0.0,0.0,-0.023929267602417512,0.9997136540790127,1.792745
89655.330673,43159.747592,0.0,0.0,0.0,0.09889966310120764,0.9950974106279584,3.607102
89658.360293,43160.355809,0.0,0.0,0.0,0.33700962485956576,0.9415012016731655,3.971424
89660.93556318778,43162.47037534276,0.0,0.0,0.0,0.4827043653269851,0.8757833611654612,2.583546
89661.97350252263,43164.11377928959,0.0,0.0,0.0,0.6407474392457675,0.767751730118527,3.567988
89662.49247219005,43166.9681124604,0.0,0.0,0.0,0.5008056530954476,0.8655597598246133,3.715415
89663.82205334022,43169.28094439334,0.0,0.0,0.0,0.19723795041955153,0.980355645117778,2.991384
89666.47551200665,43170.39368512442,0.0,0.0,0.0,-0.16406708238777415,0.9864491839303043,3.15249
89669.72813875906,43169.28094439334,0.0,0.0,0.0,-0.2116996959579147,0.9773347628787827,2.022944
89674.43588800596,43167.14105837202,0.0,0.0,0.0,-0.39663289134630736,0.9179773142634127,4.458871
89675.8054150596,43165.685935877525,0.0,0.0,0.0,-0.4331887304885115,0.9013032363071553,3.92506
89676.83256034984,43164.40200426473,0.0,0.0,0.0,-0.42196964622672556,0.9066099589477782,4.132007
89679.18599649209,43161.605425897054,0.0,0.0,0.0,-0.5164204047954091,0.8563351946001904,4.15638
89681.080526,43158.014427,0.0,0.0,0.0,-0.8060590453856152,0.5918351251421554,3.826284
89679.79146110408,43153.90737583031,0.0,0.0,0.0,-0.8916323764149022,0.45276009688212815,4.175879
89678.14805715725,43151.658507271495,0.0,0.0,0.0,-0.9953642159143629,0.09617732413196778,2.289108
89675.873283,43151.214763,0.0,0.0,0.0,-0.9707388896777271,0.24013747743168612,5.148424
89673.264267,43149.839807,0.0,0.0,0.0,-0.9832294486548341,0.18237283596498405,5.974173
89670.541794,43148.793875,0.0,0.0,0.0,-0.98848786556947,0.15130016398508428,6.883672
89667.651219,43147.887771,0.0,0.0,0.0,-0.9855716582694066,0.1692586967221832,7.360243
89664.813154,43146.883348,0.0,0.0,0.0,-0.998527945657574,0.05423966943911926,6.630411
89662.19573996402,43146.59815256737,0.0,0.0,0.0,-0.9626218971257766,0.27084881977584974,5.018994
89659.11430409332,43144.71505286861,0.0,0.0,0.0,-0.8110370085120784,0.584994846835234,4.295878
89658.00473,43141.378529,0.0,0.0,0.0,-0.8256662486497797,0.5641588835076519,3.705674
89656.930647,43138.62538,0.0,0.0,0.0,-0.7159551930332724,0.6981462322240877,3.264787
89656.855394,43135.638162,0.0,0.0,0.0,-0.6829710425944461,0.7304454496931686,1.116949
89657.055516,43132.662489,0.0,0.0,0.0,-0.7308807467301536,0.6825051897672084,3.241169
89656.849947,43129.662958,0.0,0.0,0.0,-0.8177017095351578,0.5756421755077371,3.629683
89655.855308,43126.886683,0.0,0.0,0.0,-0.9173208361772909,0.398148820813268,3.454224
89653.858617,43124.751105,0.0,0.0,0.0,-0.9778927522686169,0.2091070660224313,3.263169
89651.14793,43123.536281,0.0,0.0,0.0,-0.994888536687626,0.10097920363893906,3.235465
89648.22036,43122.93581,0.0,0.0,0.0,-0.9995252240100351,0.030811143563476234,5.063506
89645.249684,43122.752489,0.0,0.0,0.0,0.9987864478795415,0.049250700829206295,4.739172
89642.280246,43123.046052,0.0,0.0,0.0,0.9921157881583259,0.12532463000936314,4.528464
89639.394135,43123.787026,0.0,0.0,0.0,0.9794772192482708,0.2015548981634404,4.356962
89636.659737,43124.962144,0.0,0.0,0.0,0.9625622105426245,0.27106086186555267,4.202488
89634.119138,43126.51627,0.0,0.0,0.0,0.9446070629157141,0.3282034379615002,4.188048
89631.779937,43128.364955,0.0,0.0,0.0,0.9272631810725268,0.37441019354079874,4.044275
89629.635334,43130.434219,0.0,0.0,0.0,0.9137422678736924,0.40629431192307053,5.590508
89627.638759,43132.647327,0.0,0.0,0.0,0.8993163003890464,0.43729874440084837,5.354779
